date,Total_Portfolio_Value,daily_pf_return,index_fund,total_stock_value,Cash_In_Hand,cash_pct,APL Apollo Tubes,AU Small Finance,Aarti Industries,Anand Rathi Wea.,Axis Bank,B P C L,Bharat Forge,Blue Dart Expres,Dr Reddy's Labs,FSN E-Commerce,Federal Bank,Guj.St.Petronet,Gujarat Gas,HDFC AMC,ICICI Bank,ICICI Lombard,IRB Infra.Devl.,IndusInd Bank,J B Chemicals &,JK Tyre & Indust,JSW Steel,Kotak Mah. Bank,Linde India,Marico,Max Financial,Phoenix Mills,Power Fin.Corpn.,Reliance Industr,SBI Life Insuran,Sona BLW Precis.,TVS Motor Co.,Tata Power Co.,The Ramco Cement,Trident,UltraTech Cem.,United Breweries,index_value,daily_index_return
2026-02-16,1000000000.0000004,,1000000000.0,1000000000.0000004,0.0,0.0,27777777.777777776,27777777.777777776,27777777.777777776,27777777.777777776,27777777.777777776,27777777.777777776,27777777.777777776,27777777.777777772,27777777.777777776,27777777.777777776,27777777.777777776,27777777.777777776,27777777.777777776,27777777.777777776,27777777.777777776,27777777.777777776,27777777.777777776,27777777.777777776,27777777.777777776,27777777.777777776,27777777.777777776,27777777.777777776,27777777.777777776,27777777.777777776,27777777.777777776,27777777.777777776,27777777.777777776,27777777.777777776,27777777.777777776,27777777.777777776,27777777.777777776,27777777.777777776,27777777.777777776,27777777.777777776,27777777.777777772,27777777.777777776,37500.33,
2026-02-17,1000000000.0000004,0.0,1002886641.2642235,1000000000.0000004,0.0,0.0,27777777.777777776,27777777.777777776,27777777.777777776,27777777.777777776,27777777.777777776,27777777.777777776,27777777.777777776,27777777.777777772,27777777.777777776,27777777.777777776,27777777.777777776,27777777.777777776,27777777.777777776,27777777.777777776,27777777.777777776,27777777.777777776,27777777.777777776,27777777.777777776,27777777.777777776,27777777.777777776,27777777.777777776,27777777.777777776,27777777.777777776,27777777.777777776,27777777.777777776,27777777.777777776,27777777.777777776,27777777.777777776,27777777.777777776,27777777.777777776,27777777.777777776,27777777.777777776,27777777.777777776,27777777.777777776,27777777.777777772,27777777.777777776,37608.58,0.002886641264223444
2026-02-18,1000000000.0000004,0.0,1007538866.9913037,1000000000.0000004,0.0,0.0,27777777.777777776,27777777.777777776,27777777.777777776,27777777.777777776,27777777.777777776,27777777.777777776,27777777.777777776,27777777.777777772,27777777.777777776,27777777.777777776,27777777.777777776,27777777.777777776,27777777.777777776,27777777.777777776,27777777.777777776,27777777.777777776,27777777.777777776,27777777.777777776,27777777.777777776,27777777.777777776,27777777.777777776,27777777.777777776,27777777.777777776,27777777.777777776,27777777.777777776,27777777.777777776,27777777.777777776,27777777.777777776,27777777.777777776,27777777.777777776,27777777.777777776,27777777.777777776,27777777.777777776,27777777.777777776,27777777.777777772,27777777.777777776,37783.04,0.004638835074336711
2026-02-19,988100901.3736266,-0.011899098626373728,992696597.6032743,988100901.3736266,0.0,0.0,27458694.351664655,27955064.974821035,27635884.395891473,27957209.88333417,27623701.39657783,27108033.233467605,27907935.732886903,27104256.336681012,27867605.685366128,27216075.1151623,27656266.42701334,27296028.922284987,27325644.38855674,26728414.414564688,27377602.584992606,27768694.13331036,26922571.377491385,27400557.955120128,27896791.963638388,26988966.908973638,27341525.651378326,27185834.24291526,27753932.437293567,27742810.89463057,27544232.666402083,27341053.16010795,27320817.575975012,27307000.666447785,27721240.188237328,27734009.810017224,27585477.669909004,26993245.16971643,27161706.022631854,27310481.51450012,27099298.596338347,27762234.925326172,37226.45,-0.014731212734602761
2026-02-20,988963115.4937725,0.0008725972407750415,996921093.7610415,988963115.4937725,0.0,0.0,27265498.817188576,28301394.896315023,27404798.767303783,27908189.27928038,27861943.572146706,27008492.880068906,28253968.253968254,27010999.52175992,27826313.375339273,27024770.412619192,28068761.942354534,27305119.064159546,27138091.25129486,26566999.128084224,27489966.490847256,27770128.11650597,26692913.586073346,27362147.008012827,28007404.960469473,26050134.910615988,27506234.17736067,27509009.587135397,27772327.414238527,28029075.436136097,27804339.964470856,27195128.83907417,27357508.94546296,27498799.157595467,28223289.08053531,27946721.492201153,27485364.83455835,27629155.18933867,26836401.686942063,26909942.721881084,27265892.645086326,27675888.08734738,37384.87,0.004255576344239342
2026-02-23,996033095.5712795,0.007148881456491063,1000756260.0115787,996033095.5712795,0.0,0.0,27315355.729311436,26774522.82219547,27164593.608532913,28372495.171101306,28236610.693786904,27436147.148332797,29079365.07936508,26838833.094213292,28413091.293808915,27141794.086579237,28414106.13990337,27627801.070214555,27389276.846075732,26675588.54888087,27586561.332687996,28024006.17435695,26417321.733289503,27176000.261711657,28659879.2670856,25771873.199427444,27610844.91732491,28119450.79709279,27549543.804571763,28500256.917710666,28115565.003368936,26929957.459802374,27470913.635987636,27665411.104425285,28624929.519460514,28154182.300518494,27578275.383554455,27720521.443271667,27549663.916899048,28006155.52987923,27714415.0840232,28207785.452527586,37528.69,0.0038470108362018696
2026-02-24,993162844.1147642,-0.002881682816843645,993071527.6372235,993162844.1147642,0.0,0.0,27366460.281447135,27546892.28187382,27353108.438815337,28269829.420310866,28254937.39739233,27609420.763484523,29496826.171875,26544715.44715447,28256615.590480033,26595353.401185453,28361343.553776782,27550539.02516353,27154836.957613584,26231450.509424485,27298750.045757476,27308273.470225323,26351705.936622117,27520225.395199575,28988915.202511363,25878339.140534263,27922454.6140944,27923587.43512305,27128503.221164852,28816747.327584814,27693080.142310377,26558086.606193706,27977905.179191906,27680910.88014916,28262637.533493474,27807541.278119627,27485364.83455835,27757067.944844864,27641229.298352387,27268320.488645382,27680241.945818488,27620626.954271793,37240.51,-0.007678925110362278
2026-02-25,1000893609.5041754,0.007783985713140318,997298423.7738707,1000893609.5041754,0.0,0.0,27802708.26252215,26994414.196742237,27751426.282272194,28264279.065860443,28568519.649765827,28096058.490926027,30190476.19047619,26886657.101865135,28393531.499280933,27131617.709879123,28692299.01965985,27632344.754190914,27191678.738006942,26842872.04912321,27608245.29969995,27816027.83503205,26968502.935774993,27696029.55350786,29205940.03193213,25929151.557925317,28378740.24150686,27744046.01998412,27430998.39759312,28674503.861449096,27885527.82829842,26580053.9760246,28258085.305538718,27093891.757380083,28136449.516143557,28466686.231461156,28319389.94608934,27866707.449564464,27744845.930016596,27384264.817579083,27853243.457979854,27413394.543122686,37399.02,0.004256386392130329
2026-02-26,1003756828.6407509,0.0028606628210903207,999204007.0047385,1003756828.6407509,0.0,0.0,27750356.070373613,26736042.838232614,27711899.03901382,28423365.140612744,28415801.262471996,28461039.036667734,30349206.349206347,26838833.094213292,28671708.758824524,27223198.8893918,28730669.946606595,27750508.276794706,27493101.45174399,26939722.65403072,27694983.5741363,27919299.137649078,27276902.68689253,28501189.65911443,29142932.823390618,25679927.62359962,28503383.576810468,27717929.3111147,28187236.338663787,28653168.209713954,27918606.064797297,26923680.794797942,28057957.225521885,27254693.062013756,28261282.63222559,28642632.179593883,28479280.351486202,27804577.95076574,27474962.04959239,27004807.54310953,27631118.05964921,27530824.977927588,37470.48,0.001910745254822377
2026-02-27,991036658.7628701,-0.012672561236874436,987201445.9606087,991036658.7628701,0.0,0.0,27852565.17464501,26341611.67855652,27191957.76656121,28449260.773174763,28179597.320587706,28416798.629583802,30336507.161458332,27175992.348158773,27954535.74736163,27014597.14131325,28764245.605502773,27700516.65736737,27288802.608163383,26399715.627841886,27182442.069107953,27273849.11905457,27368765.803459745,28269245.175746266,28752289.49777717,24249903.508687362,28149483.44921808,27107490.093582455,27510709.964354623,28045078.260168973,27264580.889585238,26024602.642094042,27604332.355998863,27004773.959302157,27642539.969603967,28072774.521616213,27870687.154526755,27596262.445674215,27224359.581209257,26962644.506810565,27075804.563822605,27717334.99119262,37020.38,-0.012012122609585063
2026-03-02,976448722.8128328,-0.014719875214553202,973100503.3822367,976448722.8128328,0.0,0.0,27699254.561262336,26146458.754701488,26328432.534187082,29120745.273956735,27943393.378703415,27635225.60496962,29830159.505208332,26482544.237207077,28130568.59232353,26365383.435812585,28294195.163498502,27191499.22553212,26662512.78301235,25922317.211972043,27085847.227267213,27187789.116575304,26207348.180255238,27848198.148043748,29086926.41579816,23119918.699186992,28207355.995092016,26970385.341718603,27242960.85548906,27707250.028096642,27165349.850757927,25867695.593829434,27097342.848602697,26309263.501267184,27574695.52469883,27166777.588972848,27463038.80188166,26923808.155100208,26503870.1309037,25761026.118509233,26742616.466326643,27456567.962112084,36491.59,-0.014283753975512958
2026-03-04,956889474.1471994,-0.020031004402657815,954941463.1817907,956889474.1471994,0.0,0.0,26420423.54810123,26004903.011281785,25084832.230374962,29030103.78575722,27515781.89428069,26278534.038746074,29234921.40997024,26145384.983261596,28061022.950990155,26019406.81307085,27478800.52394539,26309810.94213637,27972028.2436288,24918606.65705646,26916314.749189388,26614055.76671352,26128608.72363794,27406467.747770987,28728487.458222345,21278552.661974024,26998754.441527702,26333829.41531694,27230697.53752575,27447653.966028515,26278281.222309384,25277725.475428354,26453595.89590206,26057407.517823536,26196096.735498235,26334310.521601032,26984805.932917144,26741075.647234213,26149648.08937473,24854540.94252375,25858386.515279662,28145616.150798276,35810.62,-0.018661012030443014
2026-03-05,969123063.4098289,0.012784746402955571,967213888.5177809,969123063.4098289,0.0,0.0,26938936.651388735,26756657.654596373,25653422.132095378,29577649.18779211,27470983.009284,26569781.32273475,30133333.720858134,26078431.372549016,28545659.10777306,26538369.418137826,27790569.06259805,26364346.24554006,26602228.649095662,25034043.521424655,26762551.335125476,26896618.741162356,26482940.03303908,27691598.561581355,28988915.202511363,21334204.708842218,27780003.92359559,26591714.979788676,27661957.552568756,27696580.031766027,26290308.170307893,25632335.02143252,27594326.35915964,26917593.04195628,26391489.06809672,26835892.393835437,27501209.512864217,27545098.681844596,26593026.438907508,25139135.406209085,26244970.14122049,28496183.048145916,36270.84,0.012851494891738646
2026-03-06,964135739.4125373,-0.005146223617611412,958032369.3151499,964135739.4125373,0.0,0.0,26832990.713127658,26503782.238339983,25501392.84585068,29585048.90770018,26792914.861089896,26009408.083379645,30538095.62562004,25844093.735054996,28334854.76859195,25927825.633558173,27483595.791995957,26714295.903296914,26501754.411183313,24494036.495235816,25891231.7391327,26969771.14398592,26758529.38274073,27119859.93665178,28743887.16929437,21900405.913326014,27459490.5492285,26102056.57486432,27733493.574021388,27924170.445768394,25582157.14076591,25166321.85423433,27207412.885450333,27215945.98763781,26345354.514289528,27045978.63908607,27253451.565615986,27446422.68147267,26270131.176667243,24970487.28190168,25602087.978744306,30363001.263632003,35926.53,-0.0094927495475704
2026-03-09,937601111.1698955,-0.0275216726835682,939930928.6078283,888596821.5616876,49004289.60820798,5.226560530315784,26148702.768426765,25607725.55811713,24887194.158256855,29143867.987371027,26232947.44101252,0.0,29560318.235367063,25346724.055475846,27969747.44705286,25408861.475794114,26217334.710154913,24682772.633854102,24920959.32586496,24076313.776986726,0.0,27104597.08048725,26548555.829706464,26036957.610610053,29005719.85947697,20572009.586891,26544694.05425941,25223937.03082173,26864841.884953726,27666354.1633974,25673870.648843657,24766208.88115958,26203435.795881014,27587916.955673393,25950500.176213358,26297546.39038068,26128454.788709465,27256380.427167747,24708672.130245227,24222109.471148863,24301372.905827373,29729216.316098504,35247.72,-0.01889439364169032
2026-03-10,951741797.324712,0.015081771967156099,952137487.8567735,902737507.7165041,49004289.60820798,5.14890590556767,26182358.61852923,25796006.87651758,25990926.405228104,29187338.236974396,26770514.175766133,0.0,29241269.06622024,25571496.8914395,28569564.344242834,26131339.193286665,26476343.59019506,24991820.814058185,25128606.49304787,24796322.349116713,0.0,27098861.14770482,27513123.559826627,26554032.907788586,29646990.49172272,21653601.0553151,27027690.714464672,25583019.861099593,27157117.629745904,28089529.343336385,26058767.856154397,25191426.59888282,27494262.319151223,27293440.1363897,26645226.62949851,26877909.001753222,27261374.783954266,27870361.20747321,24183364.693057217,24496163.175759457,24890859.53985869,29316478.00894445,35705.47,0.012986655590772944
2026-03-11,941624618.8319098,-0.010630171461672777,939329067.2375416,892620329.2237018,49004289.60820798,5.2042277387562415,25131623.58693509,25243530.469024047,26158158.620097272,28905241.133320056,25571167.762739256,0.0,28525396.437872022,25817790.530846484,28806449.29375957,25612376.58821969,25848011.244839173,25918957.032904904,26190284.68248575,23950114.938173674,0.0,26896618.741162356,27624670.914777618,25917291.973946128,29768807.162924185,21039005.03290747,26237537.554799188,25018280.89923853,27698747.50645868,27083155.084055737,25942998.616744976,24723842.828906592,27144038.179121763,26933090.452746414,26304647.847346447,27119506.90152677,25933993.057136625,28195625.963723257,23978543.44465994,24348596.569601532,24480781.88140212,28551446.2892986,35225.15,-0.013452280560933616
2026-03-12,937141975.3665521,-0.004760541914163641,933195521.2127466,863524189.9374797,73617785.42907232,7.85556376346045,25043126.350707248,24798250.100039233,27134187.751283973,28441863.311344177,25137446.548564445,0.0,28247618.660094246,25363462.458153993,28665187.94301688,24925513.083783362,25924753.09873266,25341767.697893195,26016128.92794029,23762286.7188513,0.0,26611187.8003223,27933070.665895157,24564030.6105979,29843012.91829632,20843012.592287615,26099537.34458871,0.0,29389041.49906799,26924910.964350183,25502470.58068667,24480636.90409645,27744422.419172265,26971837.52712236,26315503.621074677,26801752.096717525,24650545.98043001,29394350.769199908,23993002.29757953,24559405.719763678,23684120.597004723,28416744.378820844,34995.14,-0.006529709596694411
